192,轮胎,100005126496,米其林Michelin汽车,195/55R15 85V XM2 + 韧悦,"",米其林轮胎自营旗舰店,￥389.00
193,轮胎,1221438,米其林,205/55R16 91V 韧悦 ENERGY XM2 适配Golf/朗逸/新迈腾,"",米其林轮胎自营旗舰店,￥489.00
194,轮胎,1364701,佳通,185/60R15 84H GitiComfort 228 原配新捷达,"",佳通轮胎京东自营专区,￥209.00
195,轮胎,1221448,米其林,195/65R15 91V 韧悦 ENERGY XM2 适配高尔夫/宝来/卡罗拉/铃木天语/福克斯,"",米其林轮胎自营旗舰店,￥369.00
196,轮胎,3628086,普利司通Bridgestone,195/60R16 89H 耐驰客 TECHNO 适配骐达/轩逸/蓝鸟/东南菱悦V5/朗逸/天籁,"",普利司通轮胎京东自营专区,￥399.00
197,轮胎,7736530,米其林,205/60R16 92V 浩悦四代 PRIMACY 4 适配科鲁兹/奔驰E200,"",米其林轮胎自营旗舰店,￥519.00
198,轮胎,2820089,米其林,215/60R16 95H 韧悦 ENERGY XM2 适配八代雅阁/皇冠/锐志/凯美瑞/帕萨特,"",米其林轮胎自营旗舰店,￥549.00
199,轮胎,10469677361,德国马牌,ContiMaxContactTM MC5 225/50R17 98W ZR途虎包安装 适配蒙迪欧、沃尔沃S80L、奥迪A6L,"",途虎旗舰店,￥559.00
200,轮胎,7736502,米其林,225/50R17 98W 浩悦四代 PRIMACY 4 适配蒙迪欧/思铂睿/奥迪A4L,"",米其林轮胎自营旗舰店,￥899.00
201,轮胎,2246516,米其林,205/60R16 92V 韧悦 ENERGY XM2 适配科鲁兹/英朗/福克斯/比亚迪E6,"",米其林轮胎自营旗舰店,￥489.00
202,轮胎,1886690,韩泰(Hankook),185/55R15 86V K415 适配福特新嘉年华/马自达2/北汽E系列/长安CX20,"",韩泰轮胎京东自营专区,￥309.00
203,轮胎,1357814,玛吉斯（MAXXIS）,215/60R17 96H HP-M3 原配长安CX70/现代IX25/传祺GS4适配奇骏,"",玛吉斯轮胎京东自营专区,￥399.00
204,轮胎,8244835,邓禄普,225/55R17 97W VE303 适配君威/君越/迈锐宝/森林人/520i/525Li/523Li/Q50L/X1,"",邓禄普京东自营专区,￥529.00
205,轮胎,3022888,米其林,175/70R14 84T 韧悦 ENERGY XM2 适配现代瑞纳/桑塔纳,"",米其林轮胎自营旗舰店,￥319.00
206,轮胎,8387489,米其林,215/50R17 95W 浩悦四代 PRIMACY 4 适配英朗/科鲁兹/福克斯,"",米其林轮胎自营旗舰店,￥739.00
207,轮胎,10518699762,玛吉斯,途虎包安装 MA656 205/55R16 91V适配荣威350/名爵5,"",途虎旗舰店,￥309.00
208,轮胎,100003151821,米其林Michelin汽车,185/60R15 88H XM2 + 韧悦,"",米其林轮胎自营旗舰店,￥389.00
209,轮胎,10330615191,普利司通汽车,品质包安装 耐驰客TECHNO 205/55R16 91V 适配马自达6思域,"",途虎养车网旗舰店,￥349.00
210,轮胎,1561197,韩泰(Hankook),205/55R16 91V K415 原配大众朗逸/明锐 适配昊锐/朗逸/途安/帕萨特,"",韩泰轮胎京东自营专区,￥389.00
211,轮胎,21223120705,德国马牌,205/55R16 91V TL FR CC6适配斯柯达昊锐明锐奥迪A3,"",Continental德国马牌官方旗舰店,￥539.00
212,轮胎,1615551,德国马牌(Continental),185/60R15 84H CC5 适配Polo/捷达/桑塔纳/威驰/思迪/昕锐/锋范,"",德国马牌轮胎京东自营旗舰店,￥379.00
213,轮胎,1221511,德国马牌(Continental),205/55R16 91V CC5 原配威朗 适配马自达6/朗逸/速腾/宝来/宝骏730,"",德国马牌轮胎京东自营旗舰店,￥439.00
214,轮胎,2827906,倍耐力（Pirelli）,245/40R18 97Y 新P7 Cinturato P7 AO 奥迪原厂认证 原配奥迪A4/A4L/奥迪A5,"",倍耐力轮胎京东自营专区,￥829.00
215,轮胎,5329134,邓禄普,225/65R17 102H GRANDTREK PT3 适配CRV/RAV4/哈佛H6/昂科威/比亚迪S6/CS75/瑞虎,"",邓禄普京东自营专区,￥449.00
216,轮胎,3146224,普利司通Bridgestone,205/55R16 91V 耐驰客 TECHNO 适配速腾/宝来/朗动/卡罗拉/思域/明锐,"",普利司通轮胎京东自营专区,￥379.00
217,轮胎,2145194,锦湖,205/55R16 91V KH18 原厂配套新福克斯/速腾/朗逸/适配思域/卡罗拉/明锐/朗动/宝来,"",锦湖轮胎京东自营专区,￥259.00
218,轮胎,1664245,佳通,195/65R15 91V GitiComfort 221 适配别克/新英朗/标致307/起亚K3/福克斯逸动等,"",佳通轮胎京东自营专区,￥209.00
219,轮胎,1606761,玛吉斯（MAXXIS）,205/60R16 92H MA510 原配别克英朗/标致2008/科鲁兹 适配天语SX4,"",玛吉斯轮胎京东自营专区,￥369.00
220,轮胎,2145191,锦湖,195/60R15 88H KH18 原厂配套赛拉图/伊兰特/花冠/适配F3/五菱630/飞度/锋范/阳光,"",锦湖轮胎京东自营专区,￥209.00
221,轮胎,3102927,普利司通Bridgestone,175/70R14 84H 耐驰客 TECHNO 适配瑞纳/K2/骊威/桑塔纳/捷达/五菱荣光,"",普利司通轮胎京东自营专区,￥239.00
222,轮胎,1609482,佳通,205/55R16 91V  GitiComfort 228 适配宝来/标致308/速腾/马自达/朗逸等,"",佳通轮胎京东自营专区,￥249.00
223,轮胎,6886988,米其林,235/55R19 101V LATITUDE SPORT 3 DT 适配新胜达/路虎极光/雷克萨斯RX350,"",米其林轮胎自营旗舰店,￥1329.00
224,轮胎,1221508,德国马牌(Continental),215/60R16 95V CC5 适配帕萨特/甲壳虫/凯美瑞//奥德赛/日产天籁,"",德国马牌轮胎京东自营旗舰店,￥469.00
225,轮胎,1606744,玛吉斯（MAXXIS）,205/55R16 91V MA656 原配荣威350/名爵5/速锐F3/逸动适配马自达6/大众速腾,"",玛吉斯轮胎京东自营专区,￥299.00
226,轮胎,1187321,固特异,205/60R16 92V 安乘 Assurance TripleMax 原配昂克赛拉,"",固特异轮胎京东自营旗舰店,￥389.00
227,轮胎,2247193,米其林,195/60R16 89H 韧悦 ENERGY XM2 适配轩逸/阳光/骐达/东南菱悦V5/V6,"",米其林轮胎自营旗舰店,￥469.00
228,轮胎,7949539,米其林,205/55R16 91W 浩悦四代 PRIMACY 4 适配朗逸/思域/宝来,"",米其林轮胎自营旗舰店,￥539.00
229,轮胎,10535255948,优科豪马(横滨),途虎包安装 ASPEC A349 215/60R16 95H适配思铂睿XR-V缤智,"",途虎旗舰店,￥349.00
230,轮胎,2511138,德国马牌(Continental),215/60R17 96H CPC5 原配观致3/宝骏560/530/景逸X5/长安欧尚CX70,"",德国马牌轮胎京东自营旗舰店,￥699.00
231,轮胎,1364683,佳通,225/65R17 102H 舒适系列 GitiComfort SUV520 原配比亚迪S6/比亚迪宋/哈弗H6等,"",佳通轮胎京东自营专区,￥279.00
232,轮胎,1176730,普利司通Bridgestone,225/65R17 102H 绿歌伴 EP850 适配CRV/RAV4/奇骏/S6/哈弗H6/昂科威/CS75,"",普利司通轮胎京东自营专区,￥529.00
233,轮胎,1221512,德国马牌(Continental),195/55R15 85V CC5 适配凯越/奇瑞E5/悦翔V5/Polo/海马M3,"",德国马牌轮胎京东自营旗舰店,￥339.00
234,轮胎,1221523,邓禄普,225/65R17 102T GRANDTREK ST30 原厂配套本田CRV/适配RAV4/比亚迪S6/哈弗/奇骏,"",邓禄普京东自营专区,￥509.00
235,轮胎,1383896,固特异,205/55R16 91V 安节轮 Assurance Fuelmax 适配长城C50/卡罗拉等,"",固特异轮胎京东自营旗舰店,￥349.00
236,轮胎,1000840,固特异,205/55R16 91V 安乘 Assurance TripleMax 原配福睿斯/全新英朗,"",固特异轮胎京东自营旗舰店,￥369.00
237,轮胎,1302054,普利司通Bridgestone,215/60R16 95V 泰然者 ER33 原厂配套凯美瑞/天籁/皇冠/适配锐志/雅阁,"",普利司通轮胎京东自营专区,￥529.00
238,轮胎,1302057,普利司通Bridgestone,205/55R16 91V 泰然者 ER300 原厂配套马自达3/卡罗拉/适配思域速腾/宝来,"",普利司通轮胎京东自营专区,￥479.00
239,轮胎,4377159,佳通,205/55R16 91V GitiComfort 228v1 适配大众宝来/一汽奥迪/A6/速腾,"",佳通轮胎京东自营专区,￥259.00
240,轮胎,1023026,固特异,235/60R18 103W 三能 EXCELLENCE 原配荣威W5/宝沃BX7 SUV,"",固特异轮胎京东自营旗舰店,￥579.00
241,轮胎,6871009,邓禄普,225/65R17 102H GRANDTREK ST30 原厂配套RAV4/新奇骏/长安CS75适配CRV/S6/奇骏,"",邓禄普京东自营专区,￥529.00
242,轮胎,6449092,米其林,235/55R18 100V 浩悦 PRIMACY 3ST 适配纳智捷/科帕奇/哈弗H2起亚智,"",米其林轮胎自营旗舰店,￥839.00
243,轮胎,920615,米其林,195/60R15 88V 韧悦 ENERGY XM2 适配伊兰特/花冠/赛拉图/比亚迪F3/普锐斯,"",米其林轮胎自营旗舰店,￥339.00
244,轮胎,6791515,德国马牌(Continental),/防爆胎 255/50R19 107W UHP SSR 适配宝马X5/X6,"",德国马牌轮胎京东自营旗舰店,￥1738.00
245,轮胎,12859384690,优科豪马(横滨),途虎包安装 A580 205/55R16 91V 适配思域凌派,"",途虎旗舰店,￥289.00
246,轮胎,5340356,邓禄普,195/60R16 89H SP SPORT 270 原厂配套日产轩逸/新骐达/适配思域/朗逸/速腾/蓝鸟,"",邓禄普京东自营专区,￥399.00
247,轮胎,29768076738,佳通Giti 汽车,途虎品质 免费安装 佳通228花纹 228V1 205/50R17 93W,"",途虎养车网旗舰店,￥269.00
248,轮胎,1630630,德国马牌(Continental),225/60R17 99H 4X4 原配科雷傲 适配自由光/途胜/传祺GS/吉利GX7,"",德国马牌轮胎京东自营旗舰店,￥669.00
249,轮胎,1221506,德国马牌(Continental),195/65R15 91H CC5 适配高尔夫/宝来/福克斯/标致307/卡罗拉/标致307,"",德国马牌轮胎京东自营旗舰店,￥339.00
250,轮胎,2145213,德国马牌(Continental),235/55R18 100V CSC5 SUV 原配比亚迪S7/观致5/领克01/DS 7,"",德国马牌轮胎京东自营旗舰店,￥819.00
251,轮胎,1742709,韩泰(Hankook),185/60R15 84T K415 原配新POLO/新捷达/昕锐/威驰/雅力士/新普力马,"",韩泰轮胎京东自营专区,￥339.00
252,轮胎,3198205,普利司通Bridgestone,195/65R15 91H 泰然者 ER300 原厂配套卡罗拉/雷凌/适配朗逸/宝来/高尔夫,"",普利司通轮胎京东自营专区,￥349.00
253,轮胎,1697106,佳通,175/70R14C 95/93S Van600 适配新捷达/现代瑞纳/福瑞达,"",佳通轮胎京东自营专区,￥179.00
254,轮胎,4317680,邓禄普,195/65R15 91H SP-R1 适配卡罗拉/福克斯/朗逸/宝来/悦动/明锐/马自达3/307/雷凌,"",邓禄普京东自营专区,￥289.00
255,轮胎,1561210,韩泰(Hankook),195/65R15 91H K415 原配大众朗逸/马自达3/新卡罗拉 适配福克斯/马自达3,"",韩泰轮胎京东自营专区,￥279.00
256,轮胎,8254465,米其林,235/45R17 97W 浩悦四代 PRIMACY 4 适配奥迪A4/蒙迪欧致胜,"",米其林轮胎自营旗舰店,￥1039.00
257,轮胎,1357901,玛吉斯(MAXXIS),205/55R16 91V MA510 原配新科鲁兹/菲亚特菲翔 适配高尔夫,"",玛吉斯轮胎京东自营专区,￥299.00
258,轮胎,7949479,米其林,225/55R17 101W 浩悦四代 PRIMACY 4 适配君越/森林人/迈锐宝,"",米其林轮胎自营旗舰店,￥799.00
259,轮胎,2145154,锦湖,235/55R18 100H KL21 原厂配套哈弗H2/DX7/适配新RAV4/比亚迪唐/S7/科帕奇/智跑/GS4,"",锦湖轮胎京东自营专区,￥369.00
260,轮胎,924865,普利司通Bridgestone,225/65R17 102H 动力侠 H/L400 原厂配套RAV4/适配CRV/奇骏/S6/哈弗H6,"",普利司通轮胎京东自营专区,￥549.00
261,轮胎,12946884986,邓禄普,途虎包安装 LM703 205/55R16 91V 适配宝来朗逸卡罗拉,"",途虎旗舰店,￥336.00
262,轮胎,1630653,德国马牌(Continental),225/60R18 100H LX2 适配歌诗图/本田CRV/风神AX7/斯巴鲁,"",德国马牌轮胎京东自营旗舰店,￥969.00
263,轮胎,12048062637,邓禄普,途虎包安装 SP SPORT 270 195/60R16 89H轩逸/新骐达原配,"",途虎旗舰店,￥430.00
264,轮胎,10469753235,德国马牌MC5 205/55R16 91V  ContiMaxContactTM 汽车,适配宝骏730大众朗逸 速腾 马自达6,"",途虎旗舰店,￥389.00
265,轮胎,10235576372,韩泰,途虎包安装 K407 205/55R16 91V适配马自达6明锐速腾,"",途虎旗舰店,￥349.00
266,轮胎,1664387,固特异,235/45R18 94Y 御乘 EfficientGrip 原配新蒙迪欧,"",固特异轮胎京东自营旗舰店,￥649.00
267,轮胎,7736490,米其林,215/60R16 99V 浩悦四代 PRIMACY 4 适配雅阁/凯美瑞/帕萨特,"",米其林轮胎自营旗舰店,￥579.00
268,轮胎,2529474,倍耐力（Pirelli）,225/55R17 97Y 新P7 Cinturato P7 AO 奥迪原厂认证 原配奥迪A6L/奥迪A4L,"",倍耐力轮胎京东自营专区,￥719.00
269,轮胎,2145165,锦湖,195/65R15 91V KH18 原厂配套宝来/高尔夫/福克斯/适配卡罗拉/朗逸/悦动/明锐/307,"",锦湖轮胎京东自营专区,￥229.00
270,轮胎,1630711,德国马牌(Continental),245/55R19 103H CSC5 SUV 原配传祺GS7/GS8 适配汉兰达,"",德国马牌轮胎京东自营旗舰店,￥849.00
271,轮胎,2497448,横滨优科豪马(Yokohama),225/65R17 102H G91AS 原配马自达/CX-5/东风日产奇骏/长安CS75,"",横滨优科豪马轮胎京东自营专区,￥399.00
272,轮胎,1362109,玛吉斯（MAXXIS）,185/65R14 86H MA708 原配凯越 适配长安悦翔/标致207/东南蓝瑟/斯柯达晶锐,"",玛吉斯轮胎京东自营专区,￥239.00
273,轮胎,1302059,邓禄普,215/55R16 93W SP FASTRESPONSE 原厂配套大众迈腾/适配蒙迪欧致胜/408/速腾,"",邓禄普京东自营专区,￥509.00
274,轮胎,100005117194,米其林Michelin汽车,205/55R16 91V XM2 + 韧悦,"",米其林轮胎自营旗舰店,￥519.00
275,轮胎,1210668,邓禄普,175/70R14 84H SP-T1 适配瑞纳/雅绅特/五菱荣光/新捷达/骊威/K2/锐欧/赛欧/昕锐,"",邓禄普京东自营专区,￥229.00
276,轮胎,8254487,米其林,235/55R17 103W 浩悦四代 PRIMACY 4 适配大众途观/迈特威,"",米其林轮胎自营旗舰店,￥859.00
277,轮胎,3150182,普利司通Bridgestone,215/55R18 95H 动力侠 H/L400 原厂配套昂科拉/适配创酷/指南者/GS4/逍客,"",普利司通轮胎京东自营专区,￥729.00
278,轮胎,2493523,横滨优科豪马(Yokohama),215/55R17 94V E70B 原配广汽本田缤智/奥德赛/凯美瑞/尊瑞,"",横滨优科豪马轮胎京东自营专区,￥469.00
279,轮胎,1221505,德国马牌(Continental),195/60R15 88H CC5 适配花冠/普锐斯/塞拉图/比亚迪F3/三菱蓝瑟,"",德国马牌轮胎京东自营旗舰店,￥319.00
280,轮胎,2492675,横滨优科豪马(Yokohama),205/55R16 91V ASPEC A349 原配本田思域/凌派/适配速腾/朗逸/明锐,"",横滨优科豪马轮胎京东自营专区,￥349.00
281,轮胎,2960070,米其林,195/55R15 85V 韧悦 ENERGY XM2 适配凯越/polo/菱悦/马自达03/斯柯达晶锐,"",米其林轮胎自营旗舰店,￥359.00
282,轮胎,911855,倍耐力（Pirelli）,/防爆胎 225/55R17 97Y 新P7 Cinturato P7 R-F 宝马原装星标 原配宝马3系/5系,"",倍耐力轮胎京东自营专区,￥949.00
283,轮胎,10518635500,玛吉斯,途虎包安装 MA510 205/60R16 92H适配英朗/科鲁兹,"",途虎旗舰店,￥369.00
284,轮胎,1221518,固特异,195/65R15 91V 配套大师 EAGLE NCT5 原配宝来/福克斯/马自达/标志307,"",固特异轮胎京东自营旗舰店,￥279.00
285,轮胎,2827784,倍耐力（Pirelli）,/防爆胎 225/50R17 94W 新P7 Cinturato P7  R-F 宝马原装星标 原配3系/X1/4系/7系,"",倍耐力轮胎京东自营专区,￥909.00
286,轮胎,1886722,韩泰(Hankook),215/55R17 94v H308 适配比亚迪M6/凯美瑞/皇冠/锐志/索纳塔8,"",韩泰轮胎京东自营专区,￥439.00
287,轮胎,6544596,德国马牌(Continental),/防爆胎 225/45R17 91W CSC5 SSR ☆ 宝马原装星标 原配宝马1系,"",德国马牌轮胎京东自营旗舰店,￥799.00
288,轮胎,2247193,米其林,195/60R16 89H 韧悦 ENERGY XM2 适配轩逸/阳光/骐达/东南菱悦V5/V6,"",米其林轮胎自营旗舰店,￥469.00
289,轮胎,1647616,佳通,175/65R14 82H GitiComfort 220 原配江淮和悦A20,"",佳通轮胎京东自营专区,￥189.00
290,轮胎,1609460,佳通,185/60R14 82H 舒适系列 GitiComfort 221 适配旗云2/桑塔纳/捷达/力帆520/高尔夫,"",佳通轮胎京东自营专区,￥169.00
291,轮胎,1615505,德国马牌(Continental),205/60R16 92V CC5 原配观致3 适配英朗/科鲁兹/丰田EZ/马自达3,"",德国马牌轮胎京东自营旗舰店,￥449.00
292,轮胎,100002055095,德国马牌(Continental),215/55R17 94W CPC2 适配大众新帕萨特/本田奥德赛/现代-第八代索纳塔,"","",￥599.00
293,轮胎,7949517,米其林,215/55R16 97W 浩悦四代 PRIMACY 4 适配迈腾/标志308S/沃尔沃S60,"",米其林轮胎自营旗舰店,￥739.00
294,轮胎,1357902,玛吉斯（MAXXIS）,185/65R15 88H MA202 原配日产阳光/轩逸/颐达/骊威 适配伊兰特/爱丽舍,"",玛吉斯轮胎京东自营专区,￥259.00
295,轮胎,1357907,玛吉斯（MAXXIS）,225/55R17 97V MA510 原配别克新君威/新君越/迈锐宝 适配森林人/雪铁龙C5,"",玛吉斯轮胎京东自营专区,￥449.00
296,轮胎,2529275,倍耐力（Pirelli）,225/50R17 98Y 新P7 Cinturato P7 AO 奥迪原厂认证 原配奥迪A4L/奥迪A6L,"",倍耐力轮胎京东自营专区,￥689.00
297,轮胎,1302056,固特异,225/55R17 97V 安节轮 Assurance Fuelmax 原配雪佛兰迈锐宝/别克君越/君威,"",固特异轮胎京东自营旗舰店,￥559.00
298,轮胎,2919007,普利司通Bridgestone,225/55R17 97W 泰然者 T001 适配君威/君越/迈锐宝/宝马5系/森林人/A6L,"",普利司通轮胎京东自营专区,￥619.00
299,轮胎,10626931043,锦湖,途虎包安装 KH18 205/55R16 91V 迈腾/速腾/新宝来原配,"",途虎旗舰店,￥259.00
300,轮胎,920613,米其林,185/65R15 88H 韧悦 ENERGY XM2 适配现代悦纳/雷诺LOGAN,"",米其林轮胎自营旗舰店,￥319.00
301,轮胎,28283842492,耐克森(Nexen),途虎包安装 AH8 225/45R17 91V原配现代领动,"",途虎旗舰店,￥480.00
302,轮胎,4428142,横滨优科豪马(Yokohama),215/50R17 91V ADVAN dB V551V（V551C）原配本田杰德,"",横滨优科豪马轮胎京东自营专区,￥469.00
303,轮胎,5329136,邓禄普,205/55R16 91V ENASAVE EC300+ 原厂配套高尔夫7/明锐/速腾/适配思域/朗逸/宝来,"",邓禄普京东自营专区,￥399.00
304,轮胎,2529271,倍耐力（Pirelli）,245/45R18 100Y 新P7 Cinturato P7 AO KA  奥迪原厂认证 原配奥迪A6L/A4,"",倍耐力轮胎京东自营专区,￥779.00
305,轮胎,8254485,米其林,235/50R18 97W 浩悦四代 PRIMACY 4 适配途观/翼虎/辉腾/福特锐界,"",米其林轮胎自营旗舰店,￥859.00
306,轮胎,4317656,邓禄普,205/55R16 91H SP-R1 适配本田思域/速腾/朗逸/卡罗拉/明锐/朗动/马自达6/宝来,"",邓禄普京东自营专区,￥339.00
307,轮胎,1277947673,正新玛吉斯Maxxis汽车,途虎品质 免费安装 玛吉斯MA510 205/60R16 92H适配英朗科鲁兹福克斯,"",途虎养车网旗舰店,￥369.00
308,轮胎,2665341,倍耐力（Pirelli）,235/60R18 107V Scorpion Verde All Season LR 路虎原厂认证 原配路虎极光,"",倍耐力轮胎京东自营专区,￥689.00
309,轮胎,1072019267,韩泰Hankook 轿车汽车,途虎品质 免费安装 韩泰K415 205/55R16  91V适配朗逸马自达6宝来,"",途虎养车网旗舰店,￥349.00
310,轮胎,8387475,米其林,225/55R16 99W 浩悦四代 PRIMACY 4 适配奥迪A6L/A4L/沃尔沃S80,"",米其林轮胎自营旗舰店,￥939.00
311,轮胎,4076438,德国马牌(Continental),195/65R15 91V CC6 适配朗逸/高尔夫/福克斯/标致307/卡罗拉/悦动,"",德国马牌轮胎京东自营旗舰店,￥379.00
312,轮胎,1221499,韩泰(Hankook),205/55R16 91V K407 原配高尔夫/速腾/马自达6 适配朗逸/途安/帕萨特,"",韩泰轮胎京东自营专区,￥349.00
313,轮胎,6725335,德国马牌(Continental),235/50R19 99V CSC5 SUV 原配途观L/领克01/柯迪亚克/观致5,"",德国马牌轮胎京东自营旗舰店,￥979.00
314,轮胎,1210618,邓禄普,185/65R14 86H SP-T1 适配凯越/悦翔/雅绅特/五菱宏光/207/POLO/206/菱帅/风光,"",邓禄普京东自营专区,￥299.00
315,轮胎,1221514,固特异,205/55R16 91V 配套大师 EAGLE NCT5 4沟槽 原配标致308/世嘉/凌派,"",固特异轮胎京东自营旗舰店,￥379.00
316,轮胎,8254463,米其林,225/60R17 103V 浩悦四代 PRIMACY 4 适配别克GL8/奇骏/IX35,"",米其林轮胎自营旗舰店,￥739.00
317,轮胎,10466070393,米其林,韧悦 ENERGY XM2 205/55R16 91V Michelin 适配大众宝来高尔夫朗逸速腾卡罗拉,"",途虎旗舰店,￥489.00
318,轮胎,7949515,米其林,215/55R17 94V 浩悦四代 PRIMACY 4 适配凯美瑞/锐志/帕萨特,"",米其林轮胎自营旗舰店,￥699.00
319,轮胎,29928380915,米其林,途虎品质 免费安装 全新浩悦4 PRIMACY 4 205/55R16 91W TL ST,"",途虎养车网旗舰店,￥529.00
320,轮胎,7100881,米其林,/防爆胎 245/45R18 100Y 浩悦 PRIMACY 3ST ZP * MOE 宝马/奔驰原厂认证,"",米其林轮胎自营旗舰店,￥1349.00
321,轮胎,2518190,米其林,225/65R17 102H 旅悦 PRIMACY SUV 原配比亚迪 宋,"",米其林轮胎自营旗舰店,￥659.00
322,轮胎,4377131,佳通,185/65R14 86H GitiComfort T20 适配 雪铁龙C2/标致207/Polo/东南菱帅/丰田花冠,"",佳通轮胎京东自营专区,￥189.00
323,轮胎,7301593,横滨优科豪马(Yokohama),205/55R16 91V ASPEC A580 原配本田思域/凌派,"",横滨优科豪马轮胎京东自营专区,￥289.00
324,轮胎,3645821,德国马牌(Continental),205/55R16 91V CC6 适配奥迪A3/速腾/宝来/别克威朗/本田思域/标志308,"",德国马牌轮胎京东自营旗舰店,￥529.00
325,轮胎,3169970,倍耐力（Pirelli）,225/45R17 91W 新P7 Cinturato P7 原配沃尔沃V40 适配奥迪A3/奔驰B级C级,"",倍耐力轮胎京东自营专区,￥649.00
326,轮胎,3628148,普利司通Bridgestone,195/65R15 91H 耐驰客 TECHNO 适配宝来/高尔夫/卡罗拉/福克斯/朗逸/雷凌,"",普利司通轮胎京东自营专区,￥349.00
327,轮胎,15890753656,优科豪马(横滨),ASPEC A349 205/55R16 91V,"",途虎养车网旗舰店,￥349.00
328,轮胎,3150176,普利司通Bridgestone,215/60R17 96H 绿歌伴 EP850 适配逍客/指南者/自由客/艾力绅/奇骏/H2,"",普利司通轮胎京东自营专区,￥529.00
329,轮胎,2752777,倍耐力（Pirelli）,/防爆胎 225/55R16 95W 新P7 Cinturato P7 R-F 宝马原装星标 原配宝马3系,"",倍耐力轮胎京东自营专区,￥839.00
330,轮胎,3169712,倍耐力（Pirelli）,235/55R19 101W Scorpion Verde AO 奥迪原厂认证 原配奥迪Q5,"",倍耐力轮胎京东自营专区,￥889.00
331,轮胎,1176754,普利司通Bridgestone,215/65R16 98H 绿歌伴 EP850 适配途观/途胜/森林人/逍客/劲炫/瑞虎/狮跑,"",普利司通轮胎京东自营专区,￥469.00
332,轮胎,2145179,锦湖,205/60R16 92V KH17 原厂配套科鲁兹/SX4/适配凌渡/逸动/福克斯/英朗GT/雅阁/索纳塔,"",锦湖轮胎京东自营专区,￥269.00
333,轮胎,1639604,德国马牌(Continental),/防爆胎 245/50R18 100Y CSC3 SSR 适配宝马进口X3/20i/宝马进口730Li,"",德国马牌轮胎京东自营旗舰店,￥1209.00
334,轮胎,1606750,佳通,215/60R17 96H 舒适系列 GitiComfort SUV520 适配奇瑞瑞虎/逍客/传奇GS4/奇骏,"",佳通轮胎京东自营专区,￥369.00
335,轮胎,46094474514,米其林汽车,途虎品质 免费安装 XM2韧悦加强版 ENERGY XM2＋ 185/60R14 82H,"",途虎养车网旗舰店,￥272.00
336,轮胎,1364695,佳通,185/65R15 88H GitiComfort 228 适配骐达/骊威/悦动,"",佳通轮胎京东自营专区,￥199.00
337,轮胎,4377123,佳通,165/70R13 83T GitiComfort T20 适配夏利/福瑞达/羚羊/五菱之光/哈飞民意,"",佳通轮胎京东自营专区,￥139.00
338,轮胎,2827540,倍耐力（Pirelli）,/防爆胎 225/45R18 91W 新P7 Cinturato P7  R-F 宝马原装星标 原配宝马3系/X1,"",倍耐力轮胎京东自营专区,￥1049.00
339,轮胎,2787540,米其林,185/60R15 84H ENERGY XM1 原配丰田威驰/本田锋范/理念,"",米其林轮胎自营旗舰店,￥369.00
340,轮胎,1561221,韩泰(Hankook),215/65R16 98H K415 原配逍客 适配途观/马自达8/瑞虎/途胜,"",韩泰轮胎京东自营专区,￥399.00
341,轮胎,1615545,德国马牌(Continental),215/55R18 95H CPC2 原配指南者/自由客 适配昂科拉/雪佛兰创酷,"",德国马牌轮胎京东自营旗舰店,￥739.00
342,轮胎,6544604,德国马牌(Continental),/防爆胎 225/55R17 97Y CPC2 SSR 适配华晨宝马525Li/华晨宝马520Li,"",德国马牌轮胎京东自营旗舰店,￥1099.00
343,轮胎,1072019267,韩泰Hankook 轿车汽车,途虎品质 免费安装 韩泰K415 205/55R16  91V适配朗逸马自达6宝来,"",途虎养车网旗舰店,￥349.00
344,轮胎,3645801,德国马牌(Continental),205/55R16 91V UC6 适配马自达6/卡罗拉/朗逸/途安/速腾/宝来/宝骏730,"",德国马牌轮胎京东自营旗舰店,￥529.00
345,轮胎,1302060,邓禄普,205/55R16 91V SP SPORT 01 原厂配套大众朗逸/卡罗拉/明锐/适配速腾/思域/朗动,"",邓禄普京东自营专区,￥489.00
346,轮胎,4377133,佳通,185/70R14 92H GitiComfort T20 适配欧诺/2012款/阳光 2014款/威旺M20/风光/宏光,"",佳通轮胎京东自营专区,￥199.00
347,轮胎,4542975,邓禄普,185/60R15 84H ENASAVE EC300+ 适配新飞度/锋范/威驰/新雅力士/雨燕/POLO/菱悦,"",邓禄普京东自营专区,￥359.00
348,轮胎,1364701,佳通,185/60R15 84H GitiComfort 228 原配新捷达,"",佳通轮胎京东自营专区,￥209.00
349,轮胎,1630702,德国马牌(Continental),235/55R17 99V LX2 原配DS6 适配大众途观/奥迪Q3,"",德国马牌轮胎京东自营旗舰店,￥879.00
350,轮胎,6511600,德国马牌(Continental),225/65R17 102V UC6 SUV 适配CR-V/RAV4/马自达CX-5/哈弗H6/比亚迪S6,"",德国马牌轮胎京东自营旗舰店,￥669.00
351,轮胎,7736530,米其林,205/60R16 92V 浩悦四代 PRIMACY 4 适配科鲁兹/奔驰E200,"",米其林轮胎自营旗舰店,￥519.00
352,轮胎,15098887436,佳通,途虎品质 免费安装 220 V1 175/70R14 84T,"",途虎养车网旗舰店,￥159.00
353,轮胎,21223120705,德国马牌,205/55R16 91V TL FR CC6适配斯柯达昊锐明锐奥迪A3,"",Continental德国马牌官方旗舰店,￥539.00
354,轮胎,7736502,米其林,225/50R17 98W 浩悦四代 PRIMACY 4 适配蒙迪欧/思铂睿/奥迪A4L,"",米其林轮胎自营旗舰店,￥899.00
355,轮胎,2884417,米其林,215/65R16 102H 旅悦 PRIMACY SUV 适配途观/奥德赛/途胜/斯巴鲁森林人等,"",米其林轮胎自营旗舰店,￥599.00
356,轮胎,4542965,邓禄普,195/60R16 89H ENASAVE EC300+ 原厂配套新轩逸/新骐达/蓝鸟/适配天籁/朗逸/速腾,"",邓禄普京东自营专区,￥439.00
357,轮胎,1357814,玛吉斯（MAXXIS）,215/60R17 96H HP-M3 原配长安CX70/现代IX25/传祺GS4适配奇骏,"",玛吉斯轮胎京东自营专区,￥399.00
358,轮胎,1176762,普利司通Bridgestone,225/60R17 99H 绿歌伴 EP850 适配GL8/IX35/奇骏/智跑/GS5/森林人/途胜,"",普利司通轮胎京东自营专区,￥539.00
359,轮胎,1221437,倍耐力（Pirelli）,205/55R16 91W 新P7 KS 适配速腾/朗逸/高尔夫/本田思域/宝马1系/宝马3系,"",倍耐力轮胎京东自营专区,￥469.00
360,轮胎,8387489,米其林,215/50R17 95W 浩悦四代 PRIMACY 4 适配英朗/科鲁兹/福克斯,"",米其林轮胎自营旗舰店,￥739.00
361,轮胎,1609458,佳通,185/65R15 88H GitiComfort 221 原配标志301,"",佳通轮胎京东自营专区,￥199.00
362,轮胎,3628086,普利司通Bridgestone,195/60R16 89H 耐驰客 TECHNO 适配骐达/轩逸/蓝鸟/东南菱悦V5/朗逸/天籁,"",普利司通轮胎京东自营专区,￥399.00
363,轮胎,1615551,德国马牌(Continental),185/60R15 84H CC5 适配Polo/捷达/桑塔纳/威驰/思迪/昕锐/锋范,"",德国马牌轮胎京东自营旗舰店,￥379.00
364,轮胎,1357827,玛吉斯（MAXXIS）,225/65R17 102H HT750原配比亚迪S6/哈弗H6/瑞虎5/吉利GX7 适配CRV/RAV4,"",玛吉斯轮胎京东自营专区,￥399.00
365,轮胎,10469677361,德国马牌,ContiMaxContactTM MC5 225/50R17 98W ZR途虎包安装 适配蒙迪欧、沃尔沃S80L、奥迪A6L,"",途虎旗舰店,￥559.00
366,轮胎,5329134,邓禄普,225/65R17 102H GRANDTREK PT3 适配CRV/RAV4/哈佛H6/昂科威/比亚迪S6/CS75/瑞虎,"",邓禄普京东自营专区,￥449.00
367,轮胎,1357909,玛吉斯（MAXXIS）,195/60R16 89H MS360 原配东南V5/菱致V5/尼桑骐达/颐达 适配轩逸/蓝鸟,"",玛吉斯轮胎京东自营专区,￥329.00
368,轮胎,1886690,韩泰(Hankook),185/55R15 86V K415 适配福特新嘉年华/马自达2/北汽E系列/长安CX20,"",韩泰轮胎京东自营专区,￥309.00
369,轮胎,10355528784,普利司通,途虎包安装 泰然者 ER300 195/65R15 91H适配卡罗拉标致408,"",途虎旗舰店,￥319.00
370,轮胎,10535255948,优科豪马(横滨),途虎包安装 ASPEC A349 215/60R16 95H适配思铂睿XR-V缤智,"",途虎旗舰店,￥349.00
371,轮胎,1615548,德国马牌(Continental),215/60R17 96H CPC2 原配吉普进口指南者/吉普进口自由客,"",德国马牌轮胎京东自营旗舰店,￥669.00
